item_id,order_id,posted_id,quantity
3,422,160,2
4,307,347,1
5,141,387,4
6,114,932,3
8,154,748,4
10,398,135,2
11,241,236,2
12,9,470,2
14,2,809,1
18,144,453,1
20,293,343,1
21,9,669,4
22,312,335,2
23,214,682,3
24,74,963,3
25,272,508,1
26,496,326,2
29,207,257,4
31,471,24,5
34,464,914,3
35,43,759,1
37,35,450,2
40,190,500,1
42,416,859,4
43,99,432,4
44,87,1000,5
45,368,303,5
47,416,304,5
48,65,363,1
50,92,321,2
53,371,958,2
54,468,930,4
56,100,725,2
57,408,66,2
58,194,940,4
59,489,383,4
60,393,94,3
61,490,688,2
64,363,774,3
65,298,852,5
66,488,859,2
68,144,232,1
69,455,784,1
70,39,630,3
71,55,693,4
72,471,617,5
74,217,192,4
75,73,574,5
76,87,418,5
77,358,754,1
78,2,611,1
79,67,575,4
81,466,983,1
83,484,509,1
84,157,788,3
85,84,561,2
87,433,968,3
89,293,290,4
91,73,554,5
92,243,188,4
93,57,479,2
95,437,404,1
97,138,857,4
98,334,130,3
105,23,972,4
106,86,871,1
107,351,563,1
108,289,211,5
112,193,784,5
113,274,195,4
115,325,511,4
117,397,736,2
120,158,846,2
121,124,857,5
122,144,669,5
123,498,994,2
125,486,598,3
129,282,589,4
130,320,213,5
131,53,952,3
133,444,502,2
134,100,464,3
135,317,347,3
136,262,43,5
137,70,988,4
138,177,912,4
140,348,977,4
145,144,516,2
149,302,536,5
150,21,504,1
151,101,255,4
153,193,335,4
156,483,484,4
164,122,694,1
165,259,203,3
167,463,25,4
169,293,980,5
170,496,926,5
172,383,442,3
173,397,172,5
174,110,307,4
176,227,631,3
178,49,121,4
179,241,898,1
180,281,208,5
181,450,669,3
182,307,292,3
183,178,557,1
186,293,220,1
187,374,822,5
190,152,391,4
191,26,983,1
193,439,725,4
195,468,932,3
196,47,733,1
197,147,441,5
198,337,90,5
200,186,616,1
201,149,403,3
202,399,197,5
206,440,781,2
208,104,92,1
212,98,940,3
215,199,168,1
216,221,189,4
217,53,135,1
218,233,857,3
219,461,949,2
223,499,243,1
224,387,387,4
225,329,441,1
227,325,51,3
228,123,949,4
229,246,593,3
233,225,65,3
240,470,919,4
241,41,89,5
242,460,491,2
243,324,700,5
244,481,435,5
246,183,423,1
249,261,704,1
250,213,330,2
252,84,413,2
255,116,609,1
256,455,768,4
258,213,908,5
259,368,335,3
260,459,661,1
261,271,447,2
262,170,387,3
264,309,85,5
269,453,452,1
271,74,355,3
273,483,598,3
275,265,712,2
279,285,714,1
280,451,181,2
281,387,516,3
284,96,427,1
285,421,930,5
292,130,484,1
300,427,39,4
301,143,688,3
302,194,990,4
303,395,732,4
304,118,116,3
306,323,387,4
307,91,247,5
310,72,788,2
312,479,636,1
314,338,692,3
316,237,290,5
317,18,602,2
318,392,42,3
319,148,269,2
320,13,730,5
321,24,363,3
322,486,626,4
323,94,343,3
324,112,293,2
326,207,822,4
327,456,310,2
328,5,172,4
329,133,90,4
336,213,853,4
338,385,566,1
339,318,880,1
340,64,464,5
342,229,844,4
343,495,563,2
344,192,1000,4
347,473,264,1
348,485,265,3
349,53,673,2
351,59,158,3
352,134,627,5
353,220,457,3
354,304,993,2
357,91,503,1
358,91,332,3
360,69,553,1
361,172,922,1
364,176,738,3
365,127,742,1
366,302,772,5
368,454,103,4
371,312,830,3
372,366,557,2
375,90,509,1
378,405,490,2
379,50,50,3
380,386,859,1
381,250,853,5
383,267,741,4
384,379,705,1
385,458,432,2
386,100,980,4
388,148,980,3
390,159,421,4
392,206,973,3
393,325,199,1
394,395,398,1
395,316,827,5
398,263,283,5
400,44,510,1
401,204,505,4
403,452,579,2
406,195,980,1
407,270,694,2
408,390,495,1
410,345,672,4
411,171,749,2
412,28,199,4
413,241,734,4
414,437,87,1
415,17,553,5
417,180,160,2
419,181,435,1
422,228,946,2
424,287,913,5
427,23,801,5
428,10,320,1
430,19,252,3
431,113,827,3
436,463,741,1
440,234,526,4
444,80,43,5
451,373,557,1
453,171,518,2
454,405,298,5
458,412,417,3
459,471,967,1
461,328,988,1
463,38,374,3
464,345,790,5
467,477,825,5
469,476,641,5
470,99,838,4
472,101,363,4
474,359,380,5
476,309,692,5
477,141,634,4
479,451,309,5
480,97,470,1
481,363,585,4
482,98,286,3
483,482,175,5
484,5,881,4
486,219,804,1
487,473,809,1
488,341,725,2
489,350,676,4
490,390,988,3
492,65,124,4
493,25,921,2
496,155,435,3
497,170,958,4
498,38,292,4
501,443,634,3
502,33,250,1
503,98,944,4
506,262,936,5
508,387,89,4
509,218,386,5
510,462,902,2
511,476,136,5
512,452,983,5
513,247,406,1
517,416,332,5
518,105,289,2
520,133,220,1
523,261,453,1
527,67,729,1
529,407,729,1
530,253,464,2
531,197,822,3
533,258,756,5
538,86,913,4
540,409,824,1
542,46,434,4
543,143,129,3
544,208,878,2
545,248,929,1
549,456,896,2
550,126,293,5
553,446,790,2
554,209,901,5
555,92,677,2
556,305,407,5
562,230,964,1
567,4,490,5
570,96,613,4
571,263,774,2
574,169,502,5
575,429,509,5
576,231,189,4
577,43,912,1
579,283,775,2
581,458,794,2
583,383,406,5
584,256,754,5
587,447,598,3
588,184,338,5
589,302,685,4
590,129,386,1
591,58,510,1
594,457,721,3
596,396,919,2
597,156,265,5
598,465,880,1
599,129,360,5
600,225,880,5
601,311,246,2
602,11,812,3
603,126,799,1
604,145,387,1
605,157,825,4
606,423,695,1
608,402,790,5
611,12,131,5
612,150,109,1
615,370,555,1
617,405,162,3
619,343,630,3
621,375,827,5
622,74,552,5
624,146,426,5
625,88,631,4
628,476,292,4
629,217,999,1
630,478,243,1
632,496,257,1
634,201,274,2
636,40,144,1
637,237,745,3
641,235,573,3
643,392,470,2
644,282,825,4
645,190,532,4
646,471,567,3
647,484,112,1
648,212,736,5
652,331,238,3
655,247,382,4
657,499,712,3
658,415,1000,5
660,85,673,5
662,353,422,1
664,335,563,1
666,72,972,4
668,400,853,5
669,56,900,4
670,327,66,2
672,288,158,3
674,86,591,3
675,10,959,5
677,127,733,1
679,93,884,1
680,67,782,5
681,464,755,2
682,457,454,4
684,466,543,4
685,286,61,3
686,374,86,4
689,261,213,3
690,468,979,3
691,194,305,1
693,135,851,1
695,242,333,1
696,233,308,3
699,157,403,2
700,466,442,1
702,110,421,4
704,284,680,1
705,16,730,5
706,417,815,3
715,127,915,3
717,290,378,1
718,401,63,2
720,400,869,4
722,160,593,2
724,303,879,1
726,495,60,1
727,20,784,2
728,27,122,1
729,169,365,1
732,101,502,2
734,80,162,2
736,145,237,3
738,77,745,2
740,429,760,3
741,488,22,2
742,426,211,2
744,123,286,3
745,32,188,3
746,236,912,5
753,332,126,4
754,171,613,3
758,158,302,5
760,274,999,2
761,155,643,2
762,466,384,3
763,435,972,4
767,24,784,2
768,435,132,1
769,389,199,4
776,467,286,4
777,463,237,2
779,352,573,2
780,20,464,3
782,258,205,5
784,414,616,4
786,276,129,5
788,485,630,4
790,94,704,3
792,82,845,3
793,290,620,3
794,364,386,3
795,488,667,3
796,295,286,4
797,298,92,3
798,174,316,3
799,377,987,1
801,232,827,1
802,60,240,4
803,10,292,3
805,17,886,4
808,293,236,2
809,220,61,1
810,48,447,5
811,488,141,4
812,301,210,5
813,196,617,1
814,379,777,4
816,346,51,5
817,94,127,4
818,426,652,4
823,14,935,2
824,35,921,2
826,130,349,3
829,122,490,3
830,80,434,5
831,319,219,2
832,453,913,4
833,371,947,3
834,411,975,2
835,318,124,1
840,64,915,5
841,491,463,2
843,216,613,2
844,405,850,3
845,367,144,4
846,78,483,2
850,183,486,2
852,62,733,5
857,346,300,3
858,369,846,5
859,19,127,3
860,248,453,2
861,26,804,4
862,269,423,2
865,205,696,5
867,10,644,5
869,469,195,4
870,450,873,4
871,472,644,2
872,163,192,2
873,456,103,3
874,277,880,2
875,464,326,5
876,349,213,5
878,6,278,2
881,320,404,2
885,428,844,4
886,307,170,3
887,33,199,5
888,307,124,4
892,147,243,4
895,183,795,3
897,499,518,1
899,473,162,2
901,174,188,1
902,363,877,5
904,435,946,5
905,3,937,1
907,367,484,2
911,22,694,3
912,185,301,1
914,455,571,1
915,10,384,5
916,119,795,5
917,239,161,4
918,241,511,1
919,89,24,1
922,470,128,1
923,243,898,4
925,417,912,3
926,194,785,5
927,253,432,1
930,380,791,1
933,355,555,1
937,71,160,4
939,57,454,3
941,484,920,3
942,252,500,4
943,6,470,2
947,105,240,5
949,208,360,3
950,350,192,1
952,114,309,5
958,421,742,4
960,258,695,1
962,243,166,2
963,394,977,5
965,342,714,4
967,492,73,4
972,474,486,2
973,348,103,3
975,10,650,4
980,361,397,5
981,210,478,5
982,217,53,3
983,247,622,2
984,72,672,5
985,404,839,5
987,50,824,4
989,228,140,2
990,472,508,1
991,269,667,1
993,245,161,3
994,292,405,1
995,259,898,4
996,418,792,1
998,322,432,5
999,156,376,1
1000,248,712,5
1002,136,788,10
1003,51,785,6
1006,310,748,10
1007,378,505,10
1009,384,102,3
1010,89,293,8
1011,116,579,6
1012,325,398,6
1013,254,238,5
1014,18,136,2
1015,293,620,10
1016,450,672,8
1017,250,91,3
1018,33,313,2
1020,25,930,6
1022,30,723,9
1025,232,330,3
1026,204,188,6
1027,68,64,3
1028,98,188,5
1029,13,991,7
1030,408,880,8
1034,171,589,5
1035,34,203,3
1036,274,566,7
1040,72,877,6
1043,243,920,10
1045,353,695,5
1046,479,383,6
1050,320,505,8
1055,430,897,3
1056,431,824,10
1058,195,424,6
1059,201,677,7
1062,187,915,5
1063,4,39,3
1064,311,417,8
1065,405,135,5
1066,1,467,8
1067,96,892,4
1069,244,909,9
1070,369,991,5
1071,78,183,5
1072,89,467,1
1073,87,794,8
1074,352,883,4
1075,56,108,10
1079,153,37,5
1081,8,522,4
1083,489,269,6
1084,255,809,5
1087,446,320,4
1089,212,901,5
1100,463,249,6
1102,275,898,8
1103,411,644,6
1104,279,935,8
1105,216,111,7
1107,405,320,1
1109,393,992,9
1111,149,450,7
1113,408,19,1
1117,356,43,4
1119,58,121,10
1120,460,293,5
1122,380,18,10
1124,226,51,9
1125,35,395,5
1126,141,529,3
1127,290,731,5
1128,355,912,4
1129,73,545,3
1131,169,732,6
1133,282,147,4
1134,349,522,7
1135,64,677,6
1136,464,860,1
1139,238,922,4
1142,415,470,6
1147,99,289,10
1149,277,782,1
1151,294,993,4
1152,18,705,3
1154,276,181,7
1155,489,388,9
1157,66,108,9
1160,131,128,3
1161,135,679,2
1163,391,350,5
1165,358,543,8
1167,78,423,5
1172,171,290,2
1176,482,795,4
1177,308,131,5
1180,203,643,3
1182,494,958,5
1184,247,790,6
1185,294,287,7
1187,459,540,10
1189,109,404,8
1193,362,848,5
1196,196,371,7
1204,383,400,2
1206,51,879,7
1208,255,937,9
1209,383,138,2
1210,387,725,9
1211,333,611,2
1212,245,552,10
1213,322,293,1
1214,315,666,8
1215,372,573,7
1216,360,754,1
1218,3,197,4
1219,134,723,5
1220,400,529,2
1221,116,350,9
1222,191,308,2
1224,359,944,1
1226,143,852,4
1228,341,673,2
1229,113,860,4
1230,74,432,10
1232,449,355,6
1233,377,572,8
1235,306,696,8
1236,270,511,9
1237,496,852,8
1238,478,137,7
1241,334,915,3
1242,232,511,9
1244,445,225,10
1245,311,878,8
1246,90,433,7
1248,252,447,10
1249,117,486,2
1251,466,363,3
1252,339,736,8
1253,5,215,6
1256,352,718,1
1258,98,632,3
1261,437,991,9
1265,382,614,6
1266,306,522,6
1267,93,718,1
1269,122,90,8
1272,359,572,9
1275,271,131,10
1276,442,748,3
1278,137,854,3
1279,391,484,8
1280,362,525,5
1281,26,452,3
1282,262,412,2
1285,397,397,9
1286,2,138,2
1288,351,988,2
1290,277,484,4
1293,43,406,5
1296,12,300,2
1298,387,553,4
1300,115,87,1
1306,79,338,7
1307,124,225,6
1308,111,630,5
1315,177,708,4
1316,179,574,7
1317,439,895,10
1318,308,783,4
1319,295,962,7
1320,96,159,9
1322,206,141,1
1326,437,915,6
1328,46,999,5
1331,245,589,8
1332,229,572,2
1338,464,404,4
1339,271,383,2
1341,105,749,1
1346,345,166,9
1348,387,873,9
1350,446,58,4
1352,316,170,7
1353,98,264,5
1355,258,219,5
1359,181,526,10
1361,334,379,6
1362,343,495,4
1363,290,900,5
1365,470,912,1
1367,361,728,4
1368,230,92,9
1370,150,237,3
1371,17,695,9
1372,272,5,7
1374,391,915,1
1376,129,250,3
1377,287,138,8
1378,290,168,2
1379,67,332,2
1380,225,808,3
1381,408,733,6
1384,93,598,10
1385,400,326,6
1388,100,289,9
1389,416,112,9
1392,440,792,5
1393,54,430,5
1394,53,121,8
1396,340,795,5
1397,349,825,5
1399,10,159,10
1401,415,39,8
1402,42,802,2
1403,443,391,1
1404,52,3,3
1407,245,879,3
1409,226,812,3
1411,425,430,8
1412,102,497,3
1414,7,128,8
1416,192,881,1
1424,151,732,3
1425,453,929,10
1426,1,854,4
1429,272,960,10
1430,372,300,2
1431,9,125,8
1433,143,669,7
1435,420,916,2
1437,316,802,6
1438,242,265,3
1440,235,205,3
1442,195,721,2
1444,175,18,9
1445,313,645,8
1446,40,536,9
1453,462,120,2
1454,206,115,3
1455,150,806,2
1456,488,988,6
1458,308,105,10
1460,426,108,7
1462,462,382,5
1463,478,964,10
1466,217,636,8
1467,472,733,10
1469,151,775,3
1470,63,968,5
1472,104,714,3
1476,29,208,4
1477,465,508,8
1478,63,721,2
1479,303,452,4
1481,299,919,2
1483,24,567,1
1484,256,203,4
1486,466,994,4
1487,346,829,8
1489,489,332,8
1490,216,309,7
1493,64,963,8
1494,191,131,5
1495,236,332,1
1496,387,583,1
1499,479,212,6
1502,258,587,10
1504,470,386,4
1505,63,166,9
1508,246,246,7
1509,25,686,10
1510,241,448,1
1511,240,237,4
1514,41,883,4
1515,215,497,6
1516,263,723,7
1517,289,120,6
1518,298,255,9
1519,134,502,1
1520,55,257,9
1521,399,849,5
1522,75,397,3
1523,96,161,9
1524,395,243,6
1526,132,999,3
1528,223,380,7
1529,257,330,6
1530,154,613,10
1531,281,321,4
1533,148,680,5
1534,364,298,3
1538,128,585,9
1539,128,183,6
1542,294,792,1
1544,481,561,7
1545,389,205,3
1546,48,700,9
1549,481,268,6
1554,474,243,6
1559,372,18,8
1560,30,308,5
1561,34,830,5
1562,173,775,1
1563,400,85,5
1565,354,731,9
1566,386,723,3
1567,6,590,8
1570,74,255,1
1571,293,447,9
1573,108,554,3
1574,448,304,3
1575,336,860,6
1577,495,265,8
1579,484,913,3
1581,195,758,10
1586,468,497,3
1587,3,754,10
1588,406,513,10
1589,286,373,5
1590,299,993,7
1591,2,286,8
1593,75,686,1
1594,424,321,8
1597,397,679,6
1598,430,726,7
1602,449,687,5
1604,364,598,1
1606,407,329,10
1609,487,723,3
1610,19,930,6
1612,208,636,8
1614,365,453,2
1616,182,675,8
1617,52,718,6
1618,437,423,5
1619,298,614,3
1620,11,532,3
1627,494,126,5
1628,377,236,7
1632,452,183,6
1637,218,325,6
1639,168,977,5
1640,206,85,8
1641,496,682,9
1643,417,349,3
1647,447,423,2
1648,225,851,2
1649,444,430,3
1650,153,972,5
1652,391,760,6
1655,95,418,10
1656,237,758,1
1658,120,749,10
1660,404,502,6
1662,387,557,9
1663,126,773,9
1664,500,301,2
1665,103,529,3
1666,324,64,8
1667,480,500,5
1668,160,124,5
1669,318,883,7
1671,41,292,7
1672,153,141,1
1674,394,466,6
1676,10,250,8
1678,127,470,4
1680,188,777,2
1682,201,160,8
1685,393,967,7
1686,444,497,4
1692,475,627,7
1694,116,589,2
1695,18,268,7
1696,476,290,9
1698,172,637,6
1699,371,53,3
1700,372,782,4
1703,94,782,10
1704,41,822,1
1705,126,313,8
1707,121,387,4
1709,492,964,1
1710,412,575,10
1713,20,721,10
1714,338,135,6
1715,446,987,6
1718,329,491,2
1719,387,350,4
1721,335,457,3
1722,295,994,7
1727,342,873,5
1732,276,199,8
1735,481,777,8
1737,380,871,8
1738,426,373,3
1740,360,892,6
1741,275,60,4
1742,439,857,3
1743,188,264,6
1747,467,688,3
1749,75,250,7
1751,28,900,5
1752,487,881,1
1753,381,643,1
1754,456,705,2
1760,164,838,1
1761,475,620,10
1762,388,51,5
1763,249,731,9
1764,1,571,10
1765,458,175,3
1766,228,940,2
1767,404,89,9
1768,162,406,2
1769,107,5,6
1773,371,940,1
1775,65,675,9
1776,437,616,4
1777,448,125,6
1780,320,991,10
1781,364,936,5
1782,280,211,10
1783,336,676,8
1785,207,3,7
1786,207,682,6
1789,430,610,10
1790,362,454,9
1793,382,804,1
1794,120,58,8
1795,196,900,8
1796,39,433,10
1800,139,271,4
1801,312,748,10
1803,130,874,1
1804,271,278,2
1805,350,355,10
1808,338,609,6
1809,160,470,1
1810,436,847,1
1811,324,250,6
1812,493,641,3
1813,311,878,7
1815,278,555,3
1817,340,940,8
1821,32,949,10
1823,17,202,1
1824,207,801,9
1827,22,574,1
1828,298,900,10
1833,335,110,10
1836,181,801,3
1838,49,919,1
1844,347,808,8
1848,295,43,9
1850,449,397,2
1851,424,1000,5
1852,235,503,6
1854,19,53,3
1859,234,726,5
1861,85,682,2
1865,419,244,4
1866,198,679,9
1868,230,960,5
1870,438,91,4
1874,404,363,5
1879,112,447,8
1880,123,572,1
1883,173,877,6
1884,255,569,10
1885,35,39,5
1887,54,545,6
1889,385,19,9
1895,344,853,2
1898,122,158,9
1899,113,471,8
1901,1,850,2
1902,274,238,6
1903,359,422,5
1908,467,967,2
1909,228,949,10
1910,318,909,1
1912,154,335,10
1913,270,528,6
1914,226,387,7
1915,469,849,6
1916,117,672,8
1917,266,215,9
1919,373,783,3
1920,234,809,8
1922,51,617,3
1924,126,330,9
1926,452,673,3
1927,165,613,5
1928,80,120,1
1930,267,298,7
1931,440,237,10
1934,165,168,2
1935,358,195,2
1936,44,137,8
1937,380,246,1
1940,52,179,10
1942,433,212,6
1943,466,843,6
1946,253,869,1
1952,255,361,7
1954,204,87,1
1956,388,991,9
1958,238,92,10
1959,490,220,3
1961,405,833,1
1963,192,858,4
1968,143,25,5
1970,210,637,3
1971,475,208,2
1973,210,792,2
1974,387,522,5
1975,244,441,3
1976,194,567,5
1978,189,937,1
1980,376,874,10
1981,190,371,5
1984,291,308,6
1985,230,463,3
1987,418,626,2
1988,23,109,8
1989,406,363,10
1992,478,611,3
1993,398,808,5
1994,273,658,5
1995,48,441,4
1996,11,908,9
1998,165,545,6
2000,21,705,7
2005,326,243,5
2008,135,647,9
2009,254,963,4
2011,47,680,3
2012,197,18,2
2013,21,781,2
2015,470,964,4
2016,500,193,8
2017,390,718,4
2019,467,452,3
2021,171,812,6
2025,72,960,6
2026,211,675,10
2029,270,297,6
2031,397,988,2
2033,315,784,4
2037,353,277,1
2038,333,680,8
2040,23,914,7
2041,479,250,3
2043,70,652,9
2044,80,880,5
2045,239,278,3
2046,285,822,7
2048,466,547,1
2051,183,773,1
2056,445,959,7
2058,428,309,8
2061,500,287,5
2063,238,500,1
2064,326,479,5
2067,26,268,5
2068,345,802,6
2070,129,166,10
2071,371,983,2
2072,196,622,5
2075,299,998,2
2076,75,829,2
2078,82,441,7
2080,220,89,5
2081,480,338,7
2083,28,802,8
2086,275,269,7
2087,192,301,9
2088,366,818,3
2089,85,721,6
2090,396,430,6
2092,401,900,8
2094,277,404,3
2096,421,510,2
2100,123,66,4
2101,213,341,9
2103,289,575,5
2104,88,244,1
2106,309,611,10
2108,311,830,3
2111,326,347,6
2112,97,19,3
2113,31,243,6
2114,371,154,3
2116,230,136,6
2118,359,450,10
2119,35,584,6
2121,33,398,7
2123,293,166,9
2124,224,398,3
2129,78,860,1
2131,310,64,6
2133,182,968,8
2135,138,289,4
2138,175,775,5
2141,66,776,9
2142,118,922,6
2145,491,736,5
2146,114,102,2
2147,321,333,9
2152,335,685,7
2155,56,2,3
2156,6,879,8
2157,35,505,1
2158,185,141,1
2161,313,181,6
2162,408,92,10
2164,422,992,2
2166,262,778,6
2168,124,912,4
2170,468,42,10
2173,119,542,2
2174,387,963,6
2175,94,677,4
2176,72,728,4
2179,243,922,9
2181,371,138,1
2185,375,412,7
2190,1,567,6
2192,41,721,3
2194,122,991,7
2195,232,303,8
2200,486,809,6
2201,153,329,1
2202,132,947,5
2204,25,404,5
2205,434,453,2
2206,174,936,5
2209,163,693,3
2212,493,869,10
2213,239,406,1
2214,349,242,2
2216,76,946,2
2217,320,269,3
2219,50,672,1
2220,114,859,6
2222,55,283,7
2225,6,952,9
2226,131,78,8
2227,21,154,2
2229,322,125,9
2233,494,652,8
2235,212,444,3
2236,414,987,5
2237,222,777,3
2240,379,27,8
2242,273,999,8
2243,231,434,2
2246,278,844,3
2249,155,407,4
2255,100,435,10
2257,249,782,6
2260,94,115,7
2261,444,812,7
2262,279,391,3
2265,256,283,8
2268,19,111,10
2270,362,528,8
2276,126,951,5
2279,121,51,3
2282,357,794,1
2283,420,794,5
2285,284,714,3
2286,229,316,6
2291,234,754,10
2292,441,854,7
2293,354,509,4
2294,203,631,9
2298,411,561,3
2302,155,610,9
2308,395,386,4
2310,446,101,4
2316,444,371,8
2318,413,137,8
2319,279,495,6
2321,3,334,3
2322,99,915,3
2324,177,266,4
2326,395,392,8
2328,361,883,7
2336,117,590,4
2337,168,120,9
2341,305,466,6
2342,216,302,9
2343,373,198,10
2345,259,466,2
2346,460,375,10
2349,60,748,5
2355,383,429,8
2357,194,871,5
2362,76,225,3
2363,470,431,8
2366,105,936,3
2367,190,315,4
2370,308,947,4
2371,116,835,6
2373,122,575,10
2374,190,290,9
2375,479,240,3
2378,99,257,3
2380,368,371,6
2387,373,302,4
2389,267,447,5
2391,36,778,7
2393,291,916,9
2397,457,249,10
2405,99,929,9
2406,10,677,2
2407,220,278,3
2409,45,347,2
2410,139,298,10
2413,338,804,3
2416,112,830,3
2418,231,384,9
2420,44,283,9
2422,357,216,10
2423,434,216,10
2425,299,626,8
2427,426,552,4
2428,447,183,6
2429,45,542,10
2430,131,999,7
2433,26,303,7
2434,116,940,4
2436,127,423,6
2437,125,860,8
2438,151,454,8
2439,116,755,3
2440,202,695,4
2441,233,264,3
2442,204,240,7
2443,159,871,3
2445,383,643,7
2447,455,700,7
2452,144,89,7
2453,302,962,1
2454,306,471,1
2455,385,205,10
2456,271,113,4
2457,334,529,6
2458,465,212,7
2460,329,972,5
2461,97,947,5
2463,123,641,6
2464,79,86,7
2466,314,915,9
2470,70,857,9
2471,197,705,7
2473,299,610,6
2475,95,277,7
2476,55,471,7
2477,422,562,8
2478,19,547,8
2480,366,892,9
2481,374,824,6
2485,335,387,2
2489,67,871,7
2490,215,886,5
2491,380,113,8
2492,121,315,10
2494,33,914,5
2496,172,127,2
2499,375,579,6
2500,462,921,2
2501,66,51,2
2506,129,790,10
2507,396,619,5
2509,471,483,5
2510,98,386,6
2511,67,992,7
2512,134,602,8
2514,193,11,4
2517,222,849,5
2518,446,490,1
2519,312,391,5
2520,70,647,2
2524,328,214,7
2525,292,869,7
2528,43,126,2
2531,108,269,3
2532,197,175,5
2533,283,838,1
2536,439,126,9
2542,72,791,8
2544,10,479,10
2548,68,37,10
2549,238,371,5
2551,427,86,9
2553,164,877,10
2554,3,806,10
2556,240,634,4
2557,411,266,3
2558,204,791,2
2559,99,658,4
2560,5,277,5
2564,187,405,6
2565,2,73,5
2566,225,819,9
2567,346,490,7
2569,75,58,6
2571,496,355,1
2573,353,310,1
2575,223,39,10
2576,171,240,7
2577,163,895,6
2578,348,64,6
2579,219,561,3
2580,437,742,8
2581,460,384,4
2582,33,775,5
2583,241,5,8
2585,60,809,8
2587,297,616,2
2589,260,140,4
2590,164,189,8
2593,140,871,3
2598,26,497,8
2600,34,949,5
2601,102,566,10
2605,105,526,4
2606,185,290,6
2609,499,354,8
2610,57,374,2
2611,245,413,10
2613,211,412,5
2614,73,958,1
2616,440,892,5
2617,181,39,2
2620,368,61,4
2621,121,630,10
2625,15,208,6
2628,224,499,7
2630,439,989,10
2631,468,908,7
2632,294,232,6
2633,342,94,7
2634,161,988,6
2637,341,471,7
2638,339,745,9
2643,121,516,2
2644,195,888,8
2645,487,138,10
2646,136,783,9
2648,312,268,7
2650,260,611,10
2651,1,993,1
2654,411,11,5
2655,99,987,4
2659,218,543,2
2661,139,641,6
2662,65,377,2
2663,56,224,1
2664,478,374,9
2665,375,320,5
2667,210,269,5
2670,313,24,6
2671,218,788,7
2672,284,569,2
2674,140,579,9
2679,287,895,6
2681,420,755,4
2683,100,499,9
2684,399,274,5
2685,123,199,8
2687,34,224,9
2689,205,56,8
2691,111,569,6
2692,159,274,3
2693,115,557,1
2696,349,916,2
2698,83,929,4
2705,174,620,6
2708,43,63,7
2711,235,412,10
2713,90,969,7
2715,271,271,10
2718,156,316,3
2721,122,64,4
2722,73,609,1
2723,173,508,3
2724,335,302,1
2725,398,992,6
2726,454,412,10
2727,112,593,4
2729,497,869,3
2730,255,252,5
2731,249,354,5
2732,455,170,3
2734,362,575,6
2735,151,908,10
2739,499,609,1
2741,456,143,8
2743,24,569,1
2745,263,610,10
2746,297,631,7
2747,155,124,10
2749,257,361,3
2753,87,188,7
2755,45,824,5
2756,210,783,3
2760,369,277,3
2761,61,785,2
2762,374,542,4
2763,89,579,7
2764,119,980,1
2765,356,421,3
2768,460,529,10
2769,342,622,3
2770,193,332,10
2771,473,869,1
2772,453,569,1
2773,358,641,3
2775,68,912,3
2778,327,64,9
2779,83,135,2
2780,355,274,10
2781,376,975,3
2783,102,795,2
2784,261,24,1
2789,467,688,8
2790,247,590,8
2791,108,782,8
2792,52,421,6
2793,86,705,7
2794,275,162,4
2796,254,990,2
2798,179,301,7
2802,17,421,3
2803,208,881,5
2804,22,833,6
2806,118,952,3
2811,425,502,5
2813,152,482,8
2814,37,316,9
2815,499,936,2
2816,268,920,1
2818,484,610,1
2820,492,557,4
2821,148,518,6
2826,256,266,7
2828,407,859,4
2832,242,375,10
2837,435,363,7
2839,426,384,1
2840,162,388,3
2842,251,274,8
2843,472,622,4
2844,345,845,5
2847,361,620,7
2848,204,430,1
2854,23,111,3
2855,114,926,10
2860,276,509,7
2864,221,755,6
2865,440,181,10
2867,168,999,10
2872,389,637,8
2875,376,700,9
2883,210,694,8
2886,444,467,2
2887,287,528,9
2891,471,158,5
2892,196,5,8
2894,195,960,8
2895,95,725,3
2899,463,869,9
2900,417,90,10
2903,310,700,9
2908,144,730,5
2909,13,914,2
2910,145,428,7
2912,295,326,3
2915,106,708,4
2916,245,837,3
2917,131,778,9
2918,357,725,3
2922,499,972,2
2923,167,257,2
2925,96,224,4
2927,19,846,4
2928,36,423,2
2930,185,913,7
2931,441,564,9
2936,397,922,8
2937,370,941,10
2938,295,741,4
2942,490,470,10
2943,316,162,6
2945,250,696,2
2949,420,854,7
2951,75,65,4
2952,375,210,3
2960,227,403,5
2963,165,109,3
2964,63,333,2
2967,88,731,4
2968,113,599,2
2970,223,293,5
2975,32,192,4
2976,385,718,4
2978,204,552,4
2979,160,412,2
2980,209,205,6
2982,405,453,2
2984,464,126,8
2987,96,574,4
2990,187,495,3
2991,318,452,3
2992,191,426,9
2993,178,806,2
2994,282,347,8
2996,252,755,3
2997,472,59,4
2999,30,616,9
3000,360,510,2
3004,326,508,7
3006,284,714,9
3007,102,935,7
3010,497,161,1
3015,385,278,1
3019,191,829,4
3024,243,901,10
3028,205,977,6
3029,214,896,3
3031,258,107,7
3032,477,92,2
3033,430,297,3
3034,134,237,9
3035,189,960,5
3040,207,181,6
3041,419,138,3
3043,443,161,4
3044,371,575,9
3045,433,161,4
3048,55,575,4
3049,370,164,2
3052,255,979,6
3053,280,652,8
3054,439,426,5
3055,194,959,10
3056,94,732,7
3057,444,287,2
3058,216,162,7
3059,255,518,7
3061,219,91,10
3062,211,669,6
3064,220,749,4
3066,70,116,8
3067,246,422,7
3069,31,143,1
3075,255,738,8
3077,318,426,9
3078,417,802,3
3083,416,478,4
3085,302,383,5
3086,313,11,9
3087,303,424,5
3090,370,94,2
3091,390,463,4
3092,233,851,9
3093,361,987,5
3094,120,94,3
3095,25,379,3
3096,296,478,10
3098,467,698,3
3100,25,444,6
3101,429,102,10
3103,86,264,3
3104,341,995,6
3105,42,909,6
3106,396,170,9
3107,296,839,4
3109,49,397,4
3112,414,386,2
3115,274,951,6
3117,337,741,3
3118,178,858,8
3119,200,582,4
3122,273,495,2
3124,4,583,5
3125,473,129,5
3126,143,90,4
3127,398,949,3
3130,241,499,2
3131,283,774,6
3132,63,860,10
3135,404,540,1
3136,94,858,7
3138,103,698,5
3141,65,463,8
3143,157,305,2
3144,313,731,10
3145,234,738,2
3146,458,587,1
3147,472,350,2
3148,204,852,7
3149,303,926,7
3150,81,392,7
3151,220,591,3
3152,249,676,4
3156,282,407,10
3157,172,620,8
3159,498,247,5
3160,284,237,7
3161,500,579,3
3165,465,934,5
3167,399,444,10
3168,220,430,7
3169,476,303,2
3171,455,309,9
3176,457,705,5
3179,64,960,10
3181,187,483,8
3182,327,634,2
3183,89,636,9
3184,375,466,10
3185,19,5,6
3187,354,836,4
3188,449,934,8
3189,50,643,3
3190,71,213,4
3191,53,566,10
3195,433,784,7
3196,449,795,9
3197,240,962,4
3198,237,835,9
3200,113,91,5
3201,79,264,4
3202,257,129,7
3204,386,423,6
3207,499,216,8
3208,232,727,3
3212,188,107,5
3213,142,341,3
3216,301,372,5
3219,162,667,4
3221,85,909,5
3222,30,19,6
3223,233,467,10
3227,400,809,4
3230,62,482,7
3231,118,853,2
3232,28,672,4
3233,146,454,3
3234,210,857,6
3238,374,240,6
3239,323,912,7
3242,292,479,1
3245,467,930,4
3246,231,680,5
3247,423,249,8
3250,285,897,1
3252,469,491,9
3256,224,313,1
3257,84,804,5
3258,465,238,2
3260,497,992,10
3261,50,252,1
3263,124,107,2
3265,248,111,4
3267,166,452,5
3268,463,513,2
3270,493,944,5
3271,61,143,4
3276,242,833,1
3278,441,511,5
3279,38,37,2
3282,293,667,2
3286,261,94,2
3288,166,555,4
3289,260,968,9
3290,486,243,6
3292,266,115,1
3294,182,695,9
3295,162,754,9
3296,182,293,7
3299,204,426,10
3300,293,936,6
3301,66,497,8
3304,443,66,1
3306,300,63,7
3307,349,505,9
3310,287,172,6
3312,36,490,6
3313,382,627,2
3314,460,371,8
3324,141,309,8
3326,392,815,2
3327,227,159,8
3328,113,896,6
3329,396,804,4
3330,142,304,3
3332,289,830,10
3334,28,513,10
3335,211,143,10
3336,45,583,7
3337,186,197,7
3340,246,721,7
3342,70,237,2
3344,383,692,2
3345,432,801,8
3346,315,1000,1
3349,295,756,8
3350,361,936,4
3351,82,333,10
3354,424,479,1
3356,261,109,5
3359,462,293,4
3360,109,255,7
3362,431,454,5
3363,352,518,5
3364,469,897,1
3369,375,611,8
3372,40,188,5
3374,299,192,9
3375,386,89,5
3379,345,516,8
3380,290,132,10
3382,444,242,2
3384,229,916,8
3385,417,721,2
3388,347,738,6
3389,93,878,6
3392,163,56,9
3393,389,912,9
3395,426,242,5
3396,154,464,3
3398,55,382,9
3399,389,567,6
3407,61,143,7
3408,246,141,9
3410,1,609,7
3411,396,78,3
3413,272,809,2
3416,122,5,8
3420,462,686,5
3421,14,932,3
3423,324,945,2
3425,400,388,9
3431,125,298,9
3432,347,536,4
3434,110,274,3
3435,381,406,4
3436,29,626,6
3439,202,487,8
3442,346,102,1
3445,471,300,6
3446,209,777,8
3448,2,728,4
3449,348,91,10
3450,174,869,7
3451,196,795,7
3452,184,958,3
3453,52,292,10
3456,438,471,2
3457,17,332,2
3458,206,792,8
3460,222,755,5
3461,250,61,7
3465,107,619,5
3468,247,773,10
3469,260,338,9
3470,325,889,8
3472,340,883,2
3473,232,432,4
3474,242,384,4
3475,113,851,4
3476,400,815,9
3479,63,360,1
3480,332,138,2
3484,466,909,3
3485,412,127,4
3490,122,301,3
3497,450,37,1
3498,431,806,8
3499,218,584,5
3502,61,85,8
3506,139,274,4
3508,399,804,3
3512,373,794,10
3515,1,647,4
3516,422,225,7
3517,440,609,2
3519,23,102,10
3521,6,946,4
3522,227,913,6
3526,164,728,10
3528,500,429,3
3529,145,775,1
3531,412,858,5
3533,207,593,1
3535,32,941,4
3536,64,759,3
3537,342,566,10
3539,162,447,8
3541,280,801,1
3543,31,158,2
3544,406,733,8
3545,372,582,10
3552,283,693,5
3553,480,782,10
3555,101,126,1
3557,144,908,9
3558,14,464,8
3565,302,442,1
3567,2,630,3
3569,401,545,9
3573,32,830,2
3574,433,335,9
3575,237,794,7
3577,113,785,9
3580,43,51,6
3582,164,387,3
3583,56,382,10
3584,309,850,10
3585,422,685,3
3586,312,818,5
3588,384,579,4
3592,340,516,6
3593,179,901,4
3594,400,745,2
3596,154,809,6
3597,170,809,10
3598,179,360,1
3599,301,502,3
3603,37,303,9
3604,254,155,1
3608,399,453,5
3609,432,742,1
3610,93,511,9
3611,252,794,5
3612,436,91,10
3613,352,913,3
3614,164,499,7
3615,353,464,7
3616,427,255,10
3618,254,859,2
3619,461,25,7
3622,280,860,3
3623,408,896,2
3624,119,516,5
3627,283,87,2
3630,137,172,4
3632,323,225,3
3633,136,571,2
3634,464,515,2
3637,202,987,3
3639,183,510,9
3641,499,290,1
3643,63,824,9
3644,459,920,6
3646,491,937,1
3649,130,599,7
3651,51,549,3
3654,210,338,9
3655,64,203,4
3657,61,992,10
3658,175,602,10
3659,5,564,5
3660,304,90,9
3662,294,611,8
3663,11,122,9
3664,34,433,6
3665,111,685,9
3666,17,522,7
3668,1,775,9
3669,411,775,4
3672,132,101,1
3673,186,688,3
3676,497,759,7
3677,315,486,8
3678,71,994,8
3679,128,696,4
3683,282,162,1
3684,159,373,3
3690,145,627,2
3692,25,73,10
3693,45,491,3
3697,135,989,2
3698,127,873,2
3699,328,51,3
3700,188,240,5
3702,102,329,5
3703,153,287,7
3711,466,944,3
3713,438,502,3
3714,414,210,10
3715,43,857,8
3717,479,554,4
3719,289,616,8
3721,9,547,3
3722,186,441,7
3725,271,391,1
3727,488,361,10
3728,242,25,8
3729,129,339,10
3730,365,63,10
3731,39,888,1
3733,225,947,5
3734,93,135,1
3735,488,705,10
3737,439,199,7
3738,120,636,9
3741,7,304,5
3742,297,277,6
3743,185,199,1
3744,149,631,7
3745,231,518,6
3747,48,125,10
3748,73,829,10
3749,146,772,2
3751,99,827,7
3753,341,900,5
3757,115,310,8
3758,6,213,4
3760,154,18,1
3763,124,658,7
3764,213,555,2
3766,158,723,5
3767,339,452,8
3768,306,56,9
3769,482,883,7
3770,332,205,10
3773,463,202,8
3774,491,64,3
3775,194,941,4
3776,226,179,5
3777,158,610,10
3779,422,778,4
3781,189,372,9
3783,448,995,5
3785,41,463,1
3787,161,916,2
3788,168,108,9
3791,228,271,5
3792,34,302,10
3793,376,374,4
3794,252,268,6
3795,161,283,1
3796,262,478,2
3797,386,555,4
3798,220,755,1
3799,465,991,4
3802,130,929,7
3803,287,718,6
3807,384,471,8
3808,281,444,10
3809,428,249,10
3813,88,604,6
3814,438,349,4
3815,378,22,10
3817,379,450,7
3821,489,105,2
3822,349,998,1
3825,285,652,5
3827,326,926,7
3828,357,277,5
3831,116,138,3
3833,220,631,8
3834,333,183,10
3840,460,479,8
3841,243,403,10
3843,432,983,3
3846,129,889,6
3850,111,326,1
3851,73,502,4
3853,395,338,6
3855,238,944,7
3859,227,912,6
3862,363,652,5
3864,416,87,3
3865,87,87,6
3866,415,120,10
3867,189,620,8
3870,224,3,3
3871,228,166,1
3872,377,27,6
3876,139,573,3
3878,27,839,9
3880,32,884,2
3881,355,193,5
3882,473,574,6
3883,225,935,10
3885,71,396,6
3888,184,427,9
3890,424,316,4
3891,389,405,3
3892,163,602,8
3893,84,908,1
3895,50,729,6
3898,70,990,9
3899,380,58,7
3900,407,3,5
3904,451,423,4
3907,425,929,1
3908,155,679,9
3910,453,189,8
3913,416,198,4
3915,304,662,5
3916,309,773,3
3917,480,215,8
3918,151,349,10
3919,405,509,2
3920,229,920,9
3923,410,616,7
3924,57,61,2
3925,377,616,9
3927,107,749,2
3928,267,611,4
3929,253,801,3
3931,355,442,3
3932,66,922,5
3937,132,121,9
3938,362,790,7
3940,229,825,8
3941,79,962,8
3942,386,144,2
3945,288,685,5
3947,492,590,2
3948,167,784,6
3949,220,320,8
3951,5,365,3
3952,53,197,2
3953,313,773,1
3954,496,59,6
3956,377,322,10
3957,487,634,2
3958,432,268,10
3960,222,509,2
3961,250,386,3
3965,11,962,2
3966,103,731,8
3968,51,298,2
3970,268,992,7
3972,27,444,3
3975,36,993,7
3976,228,249,6
3977,57,397,9
3980,300,91,2
3982,327,585,4
3983,351,987,9
3985,453,884,2
3986,226,466,9
3988,338,808,9
3990,434,994,4
3992,64,511,1
3993,241,63,10
3994,380,995,8
4001,276,830,7
4002,248,552,6
4005,367,760,5
4006,15,977,6
4008,463,161,10
4010,469,947,4
4011,486,944,1
4013,44,219,4
4014,67,413,4
4016,103,499,2
4018,196,271,2
4020,53,677,5
4021,348,162,10
4023,363,845,7
4024,447,278,3
4025,146,781,2
4027,172,313,3
4029,382,126,3
4033,27,694,8
4035,297,940,1
4036,263,109,2
4037,258,376,8
4041,55,433,3
4042,353,64,10
4046,464,124,2
4048,271,277,1
4051,408,951,4
4052,266,775,3
4055,281,53,2
4056,314,647,1
4058,37,320,6
4061,200,973,2
4066,249,871,9
4067,195,137,6
4070,8,627,4
4072,103,423,10
4073,305,542,5
4074,335,189,6
4076,466,383,10
4077,443,579,9
4078,471,240,8
4082,139,423,2
4083,492,330,6
4084,38,205,6
4086,355,946,7
4087,129,403,10
4091,68,175,6
4097,500,392,9
4103,183,484,8
4105,326,308,1
4106,160,482,5
4107,377,619,5
4109,362,721,4
4114,303,266,9
4115,288,879,9
4118,263,170,2
4120,58,569,9
4122,454,247,7
4124,478,453,3
4125,68,801,7
4126,266,540,6
4127,403,602,6
4132,439,999,2
4134,38,951,6
4135,277,115,9
4136,410,320,3
4137,39,505,5
4138,5,611,4
4139,233,103,1
4140,139,161,6
4142,171,949,7
4145,132,30,9
4146,73,900,7
4147,456,339,8
4148,104,135,7
4149,204,124,4
4150,393,290,7
4153,350,959,2
4157,117,380,1
4158,141,166,4
4159,258,130,1
4160,231,818,1
4161,393,332,9
4162,143,354,6
4163,159,78,4
4164,248,297,10
4165,415,641,7
4167,18,526,8
4169,145,915,1
4170,226,987,1
4172,186,407,1
4174,95,989,3
4175,316,542,10
4176,331,673,2
4177,93,424,4
4178,419,289,3
4180,140,886,1
4181,485,745,9
4186,445,852,8
4191,82,255,10
4195,82,500,7
4196,73,25,1
4198,82,738,7
4199,181,700,1
4200,103,265,4
4201,459,199,2
4202,194,812,7
4203,442,102,9
4205,350,960,9
4206,53,382,8
4207,290,39,2
4208,440,333,4
4211,253,913,3
4213,224,113,1
4214,215,587,7
4215,406,219,3
4217,129,915,10
4224,455,919,7
4229,145,889,5
4230,131,756,3
4231,185,574,9
4232,490,30,7
4233,190,330,6
4236,330,383,10
4238,35,990,6
4239,116,144,6
4240,478,159,6
4241,418,330,8
4242,46,909,5
4243,142,391,7
4246,492,130,8
4247,25,406,10
4248,124,479,10
4251,4,406,1
4252,470,491,2
4255,248,572,4
4257,361,860,1
4258,326,65,2
4259,63,427,3
4265,466,2,7
4268,295,350,4
4270,373,732,5
4271,141,677,2
4272,410,244,10
4278,61,467,8
4281,395,579,3
4287,256,483,1
4288,35,836,10
4293,320,446,6
4294,113,448,8
4295,255,731,6
4299,431,845,1
4300,459,427,4
4301,290,484,10
4305,325,881,3
4308,323,255,8
4310,73,232,9
4314,62,212,2
4315,156,58,9
4316,377,310,1
4318,360,583,5
4320,445,672,10
4325,427,110,3
4326,195,949,9
4327,98,801,8
4331,286,170,4
4334,484,888,3
4336,84,338,7
4338,368,372,10
4343,157,107,6
4344,103,599,3
4345,482,413,9
4346,210,490,10
4347,132,693,7
4348,380,727,7
4349,414,774,6
4351,341,257,7
4352,219,441,7
4353,141,214,10
4354,498,667,2
4355,210,50,5
4356,363,94,3
4357,339,278,2
4358,434,400,4
4359,91,413,10
4363,238,532,1
4365,181,718,10
4368,220,798,10
4370,48,994,8
4371,247,406,7
4376,216,782,4
4378,229,432,1
4379,178,622,7
4380,188,844,2
4381,263,126,4
4387,79,372,10
4392,364,313,7
4393,108,935,7
4396,209,130,2
4397,332,447,3
4398,280,454,3
4399,291,130,2
4400,371,220,8
4402,136,94,7
4404,226,563,9
4405,253,972,1
4406,280,819,10
4410,167,946,7
4412,330,661,7
4413,466,896,10
4417,105,679,9
4420,444,487,6
4425,282,307,4
4426,8,998,3
4427,409,698,4
4429,315,829,2
4430,322,266,10
4432,473,526,1
4433,361,543,8
4437,479,90,8
4438,254,511,3
4439,96,591,2
4440,473,289,2
4441,399,781,8
4442,337,158,3
4444,304,37,8
4445,71,967,7
4450,355,363,10
4452,115,694,9
4454,145,103,3
4455,181,557,6
4456,150,266,2
4457,55,64,4
4458,238,429,1
4459,240,92,6
4460,294,636,4
4463,212,271,4
4464,440,144,9
4466,186,698,10
4468,364,65,5
4469,241,669,9
4474,298,598,8
4475,33,809,8
4476,367,545,2
4478,183,195,8
4479,56,687,4
4481,386,749,3
4482,126,745,8
4483,451,573,4
4484,85,130,5
4487,121,236,1
4490,475,326,2
4492,234,65,2
4493,366,175,5
4494,432,486,7
4496,14,265,2
4497,242,992,6
4501,113,962,2
4503,185,89,10
4504,184,693,10
4506,249,614,1
4507,40,818,8
4510,89,355,6
4512,495,214,2
4514,17,189,9
4515,32,250,7
4518,333,107,8
4520,167,83,4
4522,134,686,8
4524,139,627,7
4525,468,921,8
4526,50,859,8
4529,175,503,1
4533,44,175,6
4534,321,989,4
4537,95,999,5
4540,241,372,8
4546,178,243,8
4547,15,105,3
4548,57,309,4
4550,172,547,6
4553,470,818,5
4554,12,987,6
4556,21,604,8
4559,356,463,2
4561,191,19,7
4562,257,377,9
4563,339,365,9
4564,173,214,2
4566,202,949,3
4570,284,422,3
4571,10,776,4
4575,459,790,7
4578,78,129,5
4579,99,869,1
4580,476,333,5
4581,206,637,10
4582,106,557,4
4584,12,322,1
4586,366,268,4
4587,50,564,2
4589,172,782,9
4592,263,274,8
4595,424,105,7
4596,96,404,3
4600,18,304,8
4601,342,330,3
4602,114,804,7
4604,206,51,6
4609,128,452,4
4611,343,959,10
4612,367,995,4
4613,88,879,8
4614,111,929,10
4615,102,491,3
4620,178,692,4
4622,46,96,10
4624,426,192,4
4625,42,552,7
4626,351,219,1
4631,5,696,5
4632,404,154,7
4633,148,802,2
4635,399,777,8
4638,263,809,9
4639,331,835,3
4641,110,391,10
4642,483,224,6
4643,395,798,4
4644,322,822,3
4646,142,110,7
4650,186,110,8
4652,197,302,10
4653,86,387,9
4654,319,249,3
4655,266,915,4
4656,7,522,8
4657,331,564,2
4659,381,526,6
4660,481,58,8
4661,40,692,8
4662,39,347,10
4664,283,51,1
4666,90,561,6
4667,23,585,7
4669,370,491,1
4670,375,666,7
4672,443,189,9
4673,434,43,2
4674,215,161,2
4675,64,557,3
4677,450,215,10
4681,228,983,10
4682,207,620,10
4683,382,848,8
4684,26,677,10
4687,85,298,4
4689,291,132,9
4690,344,309,5
4692,250,614,2
4694,446,675,6
4695,194,113,10
4696,406,929,3
4697,378,902,6
4698,288,51,7
4701,148,423,10
4702,143,669,10
4703,183,391,1
4705,362,858,7
4706,171,195,8
4707,140,269,4
4708,6,112,7
4712,377,644,5
4715,19,162,10
4716,89,758,4
4720,218,232,7
4722,244,240,6
4723,405,661,5
4725,314,463,8
4726,125,483,2
4730,429,111,5
4733,95,518,3
4738,101,470,4
4741,89,347,1
4744,172,467,6
4747,500,532,4
4748,406,930,3
4751,119,125,9
4752,17,125,5
4753,414,555,1
4754,497,518,5
4755,57,178,5
4756,408,897,6
4757,26,380,5
4759,240,669,10
4764,10,483,1
4766,473,478,6
4767,487,278,8
4770,162,321,7
4771,48,571,8
4772,45,87,4
4773,456,575,8
4776,353,502,2
4778,370,812,10
4781,215,246,8
4782,271,941,5
4783,441,987,8
4784,403,817,8
4785,434,705,1
4786,74,168,8
4787,151,733,5
4788,475,945,3
4791,106,37,3
4792,401,873,1
4793,193,491,2
4795,103,63,1
4798,397,898,2
4804,15,371,5
4805,448,962,6
4806,151,959,7
4807,166,511,8
4809,223,791,2
4810,461,497,3
4811,445,692,1
4812,142,526,10
4813,23,301,3
4814,233,268,9
4815,387,940,9
4817,445,604,6
4818,315,278,5
4819,194,574,9
4820,3,631,7
4821,334,952,9
4822,100,947,10
4823,295,774,2
4824,296,18,4
4825,348,73,6
4827,20,617,2
4828,72,593,5
4829,304,926,3
4830,359,421,7
4831,196,798,2
4832,146,308,2
4833,4,785,1
4836,415,748,4
4838,398,778,4
4839,321,515,4
4841,445,602,4
4842,440,113,6
4844,32,143,10
4846,136,220,1
4848,327,454,1
4850,418,126,1
4851,475,999,2
4853,235,105,5
4858,3,19,10
4859,361,243,7
4867,325,378,3
4870,402,908,7
4871,52,96,5
4877,19,798,6
4878,126,900,3
4879,385,687,8
4881,394,679,5
4882,451,225,8
4884,344,434,7
4887,470,726,6
4888,116,329,8
4889,251,516,9
4890,276,283,5
4891,60,109,5
4892,331,111,7
4894,339,292,4
4895,260,650,10
4897,228,723,5
4898,102,946,2
4900,1,795,1
4901,320,730,4
4904,304,561,2
4905,271,407,10
4906,38,127,7
4907,258,994,9
4908,367,847,2
4909,440,85,4
4911,136,265,1
4912,184,817,9
4913,29,991,9
4915,40,39,8
4916,7,874,1
4917,155,300,7
4921,303,18,5
4922,486,726,6
4923,312,406,8
4924,129,202,5
4925,480,503,10
4926,160,444,6
4927,459,1000,3
4934,232,881,4
4935,166,874,6
4938,404,417,6
4939,480,361,2
4942,371,643,3
4943,58,967,7
4944,94,178,5
4946,446,434,8
4947,160,973,3
4949,111,705,2
4950,402,726,2
4951,175,829,6
4952,96,583,8
4954,453,361,8
4955,178,464,9
4959,41,634,6
4964,418,252,6
4965,199,471,2
4967,184,922,9
4968,265,463,8
4971,500,661,7
4974,261,532,1
4975,339,386,6
4976,281,175,1
4977,5,590,6
4978,316,877,1
4980,468,708,6
4982,7,192,3
4987,80,376,8
4989,35,66,4
4991,43,25,4
4992,70,109,5
4994,117,851,1
4995,249,320,7
4996,258,430,5
4997,110,90,3
4999,279,564,3
5000,386,470,4
5002,945,896,4
5007,721,934,6
5008,947,879,2
5013,708,252,2
5014,962,136,4
5016,931,748,8
5019,959,643,7
5021,874,847,7
5022,531,240,7
5023,571,873,7
5024,632,815,6
5025,994,756,1
5026,971,900,8
5027,602,756,2
5028,994,848,5
5031,984,392,8
5032,990,582,4
5033,739,941,3
5034,969,522,4
5035,553,602,9
5039,639,202,4
5043,920,198,8
5044,742,755,5
5046,946,745,3
5048,501,101,8
5049,851,935,4
5050,907,869,7
5051,986,448,9
5053,682,417,3
5055,827,552,5
5058,805,794,8
5059,949,391,2
5061,868,325,5
5063,929,66,8
5065,658,964,7
5066,853,107,2
5068,737,278,9
5069,819,56,4
5071,602,540,2
5073,798,901,10
5074,884,915,8
5076,503,51,1
5079,573,729,3
5082,665,135,6
5083,920,587,5
5084,695,852,5
5086,609,935,8
5088,734,135,8
5089,703,745,6
5090,640,383,9
5091,521,836,8
5094,504,658,9
5095,541,676,3
5098,794,754,5
5099,970,712,7
5101,837,2,6
5102,813,908,8
5103,750,829,3
5104,762,647,10
5106,521,696,9
5107,891,105,7
5108,821,964,5
5109,575,983,4
5113,988,138,2
5114,942,759,2
5115,917,666,1
5118,873,192,7
5119,936,830,1
5120,879,255,5
5123,647,175,4
5128,522,827,2
5129,676,264,3
5130,911,869,10
5136,629,806,2
5139,850,645,4
5141,773,799,8
5142,707,729,1
5143,518,240,9
5144,878,848,2
5146,715,298,2
5151,787,102,1
5152,783,268,8
5157,501,846,9
5158,948,968,6
5159,818,509,5
5160,603,53,7
5161,929,774,10
5165,740,516,5
5166,581,850,9
5167,869,694,8
5171,557,105,6
5176,672,860,9
5179,689,212,1
5183,688,729,3
5186,740,181,3
5190,540,692,1
5191,726,567,2
5192,940,188,4
5193,513,181,9
5195,843,844,3
5197,898,915,4
5201,763,198,9
5203,931,738,2
5209,814,617,9
5211,668,949,6
5212,701,78,4
5215,748,395,4
5216,977,712,9
5217,744,675,5
5218,526,637,4
5219,689,427,3
5220,936,584,2
5222,753,24,4
5225,984,969,10
5226,892,111,2
5227,767,808,2
5229,882,590,5
5230,587,105,7
5234,920,652,9
5235,819,424,3
5239,520,162,9
5242,749,224,10
5243,993,122,9
5245,788,470,7
5246,639,852,9
5248,729,423,7
5249,567,379,8
5250,504,854,1
5251,772,424,9
5252,870,431,1
5253,597,604,4
5255,973,316,6
5258,502,733,2
5259,781,742,5
5261,698,824,10
5262,891,236,8
5263,674,243,5
5264,552,412,8
5267,700,406,8
5272,567,24,5
5274,560,758,7
5276,644,748,7
5279,775,198,9
5280,541,434,8
5281,623,959,2
5282,533,687,1
5283,826,561,4
5285,839,889,9
5286,912,853,9
5287,974,567,8
5288,986,92,9
5290,998,889,4
5291,945,444,6
5293,505,287,6
5294,758,898,9
5295,811,583,7
5296,743,252,6
5299,854,973,7
5300,785,91,3
5306,880,745,5
5308,698,274,1
5309,608,216,4
5313,603,265,1
5315,669,661,1
5318,656,478,3
5319,524,944,7
5320,758,3,7
5322,976,952,9
5327,611,959,3
5328,541,812,5
5331,919,791,5
5332,505,181,6
5334,871,732,5
5335,525,172,3
5336,600,979,10
5339,628,307,1
5340,562,130,3
5342,980,333,3
5344,924,293,7
5347,761,422,6
5349,655,839,3
5350,709,268,4
5352,835,27,8
5356,583,18,7
5358,784,320,8
5361,587,993,4
5364,965,326,10
5365,856,553,5
5366,824,549,1
5367,931,991,7
5369,557,467,9
5370,873,22,6
5372,656,161,9
5375,807,850,10
5376,776,573,8
5380,884,783,8
5381,721,122,2
5383,757,433,5
5384,824,58,2
5386,590,53,2
5388,944,484,3
5392,553,579,9
5393,736,325,5
5396,877,783,4
5399,515,216,10
5400,500,874,10
5401,893,363,3
5402,550,726,3
5403,888,417,2
5404,557,442,7
5405,733,444,2
5406,773,929,9
5407,821,172,4
5408,713,283,5
5410,940,859,10
5414,920,105,7
5415,794,417,8
5416,752,237,5
5417,654,162,3
5420,687,542,2
5421,791,952,2
5423,951,22,9
5424,934,912,7
5425,696,510,9
5428,925,478,5
5429,697,658,8
5431,988,5,9
5435,946,22,1
5444,532,815,3
5445,772,898,9
5446,557,833,2
5447,897,255,9
5449,824,573,6
5451,957,372,6
5452,675,941,3
5453,982,610,4
5454,752,675,8
5457,711,610,4
5460,627,611,8
5463,730,566,4
5467,710,155,8
5469,519,65,6
5470,710,669,1
5471,803,92,4
5473,556,545,1
5476,866,554,8
5477,972,128,4
5478,875,929,8
5480,719,525,1
5482,524,880,8
5483,787,405,1
5486,986,400,10
5487,779,208,9
5488,935,806,4
5489,640,687,7
5491,575,198,2
5492,544,990,3
5493,642,583,9
5496,993,137,3
5497,506,755,4
5498,681,645,10
5504,858,164,9
5505,817,376,1
5506,820,790,5
5508,849,759,2
5510,979,518,8
5514,666,658,9
5515,707,643,6
5516,871,804,10
5518,507,199,9
5520,617,658,5
5522,556,873,6
5524,904,196,4
5525,844,404,7
5526,860,963,2
5528,934,728,4
5529,771,791,4
5530,771,2,5
5533,922,677,6
5534,806,164,10
5535,969,407,9
5536,842,509,9
5540,982,795,4
5541,823,666,10
5542,902,736,5
5547,566,808,6
5549,757,784,7
5552,596,738,5
5553,784,208,9
5554,535,731,4
5556,700,761,9
5557,897,515,6
5558,721,902,1
5559,684,768,6
5560,624,878,10
5562,950,495,5
5564,661,386,8
5567,537,732,9
5568,644,652,6
5571,585,65,2
5572,631,667,2
5573,613,571,7
5576,973,1000,8
5578,881,804,9
5583,727,268,3
5584,674,159,4
5586,875,990,7
5590,639,124,2
5593,502,271,1
5594,651,491,5
5595,598,873,4
5598,658,587,10
5599,516,848,4
5603,523,365,1
5606,848,920,5
5608,958,547,1
5613,985,946,9
5614,920,829,1
5615,584,593,2
5618,692,210,6
5619,820,995,10
5621,811,265,2
5622,617,225,9
5623,832,727,4
5628,709,511,9
5629,581,926,8
5632,984,582,2
5633,500,980,9
5634,762,563,8
5636,639,929,10
5637,594,712,1
5641,918,175,5
5643,883,193,9
5644,960,848,10
5645,823,599,9
5649,678,313,7
5651,698,349,2
5653,977,698,9
5654,807,129,2
5656,520,300,10
5657,754,111,2
5659,885,166,4
5660,820,274,10
5662,685,110,7
5663,564,812,1
5667,939,127,5
5669,579,613,8
5671,697,727,1
5676,798,172,2
5678,772,557,7
5680,572,360,5
5684,717,851,2
5685,681,257,6
5686,846,164,7
5687,927,967,8
5690,742,377,8
5691,669,522,9
5692,542,444,10
5693,643,987,9
5695,757,759,4
5696,536,487,8
5697,563,647,4
5700,596,265,5
5702,735,871,6
5703,777,637,5
5704,739,300,5
5705,687,271,4
5706,865,696,10
5707,812,620,8
5709,927,850,4
5710,732,589,6
5712,576,838,7
5714,723,371,9
5720,567,645,7
5722,545,60,3
5723,516,452,8
5729,587,700,5
5731,838,154,5
5732,987,60,2
5733,888,423,8
5735,755,619,1
5736,986,505,5
5737,582,860,5
5740,901,992,7
5744,501,268,2
5747,601,934,9
5749,855,650,8
5750,503,247,6
5752,580,54,1
5754,894,246,8
5756,614,407,9
5757,609,822,2
5758,720,65,9
5759,624,213,10
5760,638,417,5
5764,944,754,3
5766,779,53,3
5768,667,610,4
5770,822,993,9
5773,660,604,9
5774,939,210,10
5775,975,848,5
5777,972,850,1
5779,932,725,6
5780,890,869,8
5782,694,147,9
5783,697,756,8
5785,650,126,3
5787,975,413,7
5788,766,889,1
5790,966,881,3
5791,674,181,6
5797,995,759,5
5799,509,613,9
5800,788,759,8
5801,920,406,2
5803,500,853,2
5805,652,837,6
5806,774,128,7
5808,701,930,3
5812,591,727,10
5813,544,819,4
5814,719,400,3
5822,574,598,3
5823,660,736,2
5825,547,518,7
5826,816,679,6
5827,758,386,6
5828,761,246,2
5830,765,687,5
5831,753,574,7
5832,871,949,6
5834,834,140,5
5835,994,661,8
5836,850,776,2
5839,551,676,2
5842,993,677,6
5844,853,90,10
5848,957,825,8
5849,664,448,7
5851,972,355,10
5852,962,135,2
5853,800,250,8
5854,876,429,4
5857,917,505,6
5858,586,682,4
5859,886,398,6
5862,825,83,4
5864,500,673,6
5865,634,39,8
5866,967,412,3
5867,727,645,7
5868,709,240,5
5870,930,255,7
5871,904,447,2
5872,777,43,3
5873,721,379,3
5875,956,424,6
5876,736,466,8
5877,903,224,2
5882,980,513,2
5885,815,181,7
5886,927,679,8
5887,759,732,5
5889,678,959,9
5890,972,320,7
5893,926,511,10
5895,927,386,2
5896,508,380,2
5897,898,687,4
5898,758,566,8
5901,628,2,6
5903,672,125,7
5904,947,848,1
5905,891,564,4
5906,811,300,10
5908,612,799,7
5909,773,490,3
5910,512,643,10
5912,832,64,2
5915,707,682,4
5917,561,164,6
5918,850,896,8
5919,648,378,7
5920,834,265,8
5921,797,400,3
5923,591,170,8
5924,721,692,1
5927,817,199,9
5928,675,632,10
5929,740,293,4
5930,649,781,4
5933,954,398,9
5938,546,808,3
5939,754,844,8
5941,794,500,5
5943,989,909,6
5944,979,308,2
5947,914,452,2
5948,678,220,10
5949,565,361,8
5951,619,236,8
5954,629,874,7
5956,663,371,2
5959,715,768,3
5960,816,798,5
5961,569,343,10
5966,849,617,9
5968,726,61,7
5972,695,54,2
5977,913,774,5
5978,809,199,9
5979,773,453,2
5981,688,375,10
5987,570,980,7
5988,950,731,2
5989,975,115,6
5990,727,250,1
5993,619,137,2
5994,568,609,4
5995,591,164,3
5997,727,824,1
5998,982,818,6
5999,957,404,8
6002,1294,732,7
6003,1385,529,8
6004,1429,930,7
6005,1378,650,8
6011,1010,837,3
6012,1269,22,10
6013,1131,778,1
6015,1348,926,5
6016,1413,825,10
6017,1220,65,6
6018,1161,783,5
6019,1014,94,7
6025,1107,220,9
6026,1003,929,5
6027,1140,884,7
6032,1400,147,9
6033,1411,634,3
6041,1498,921,5
6044,1263,305,2
6050,1150,56,10
6051,1470,647,10
6056,1275,293,2
6059,1286,307,6
6061,1396,412,8
6064,1190,86,7
6066,1323,212,6
6068,1157,51,1
6069,1191,626,10
6071,1118,392,2
6076,1181,302,4
6077,1326,417,7
6079,1261,593,9
6080,1387,350,2
6081,1127,815,5
6082,1207,384,8
6083,1109,583,5
6084,1239,202,5
6085,1028,926,6
6086,1088,542,1
6088,1304,66,4
6090,1163,339,4
6091,1174,951,10
6092,1158,349,5
6093,1199,590,10
6097,1187,829,2
6099,1464,87,2
6101,1145,495,2
6105,1075,679,7
6108,1039,110,7
6110,1105,64,1
6111,1143,37,1
6113,1074,268,1
6115,1329,561,7
6116,1337,24,4
6119,1432,450,1
6120,1178,164,10
6122,1275,388,1
6123,1486,995,8
6126,1116,482,7
6127,1177,741,9
6128,1334,526,7
6129,1192,372,8
6131,1196,843,4
6133,1370,935,4
6134,1486,729,6
6135,1316,216,10
6140,1382,734,3
6141,1413,579,6
6142,1104,237,5
6143,1428,264,9
6146,1163,932,6
6147,1122,937,4
6151,1100,5,3
6156,1190,587,8
6159,1231,522,7
6160,1130,529,3
6163,1009,388,4
6164,1123,361,10
6166,1141,417,10
6167,1496,286,2
6169,1357,574,10
6170,1288,509,1
6174,1374,355,9
6175,1039,666,2
6176,1347,188,10
6177,1052,315,8
6179,1113,199,4
6180,1437,754,1
6181,1251,495,2
6182,1331,772,2
6183,1411,158,2
6184,1422,86,5
6185,1269,622,4
6186,1114,579,8
6187,1446,758,8
6188,1117,127,1
6190,1301,941,4
6191,1143,879,5
6192,1150,854,10
6194,1007,290,9
6195,1306,300,5
6197,1404,934,8
6198,1474,158,4
6199,1150,406,10
6202,1325,105,2
6203,1482,141,2
6207,1148,969,2
6208,1281,989,2
6209,1459,941,2
6211,1169,432,4
6213,1005,39,9
6214,1289,484,3
6215,1061,115,2
6217,1419,852,8
6218,1271,812,2
6220,1176,557,1
6221,1103,325,6
6222,1050,760,1
6224,1281,90,1
6225,1288,896,1
6226,1071,782,3
6227,1367,662,8
6228,1059,975,2
6229,1386,532,1
6231,1225,141,3
6234,1078,464,8
6240,1184,884,10
6241,1291,378,4
6242,1386,289,10
6244,1192,745,9
6245,1365,896,8
6246,1130,444,4
6247,1022,183,6
6248,1131,178,7
6249,1248,197,2
6250,1454,945,4
6252,1436,945,10
6253,1083,320,4
6257,1274,676,2
6258,1287,728,4
6259,1131,909,10
6261,1449,768,9
6264,1165,92,6
6265,1020,738,9
6266,1323,238,4
6268,1448,727,10
6270,1293,426,4
6271,1277,265,7
6272,1104,897,6
6274,1404,338,3
6277,1030,322,3
6281,1305,542,3
6283,1128,777,6
6284,1277,128,5
6285,1044,557,8
6286,1434,772,6
6287,1103,2,1
6292,1463,871,8
6296,1312,801,5
6297,1318,293,6
6298,1157,761,10
6301,1127,304,3
6303,1041,777,6
6304,1322,196,5
6305,1120,212,1
6307,1048,94,5
6308,1425,852,10
6309,1302,332,4
6312,1257,326,2
6314,1227,430,7
6315,1253,732,1
6319,1430,676,7
6325,1437,334,5
6329,1359,335,10
6330,1424,511,5
6331,1247,852,7
6334,1254,782,5
6336,1203,111,10
6337,1058,113,9
6338,1107,749,9
6339,1100,993,5
6342,1396,27,1
6343,1075,212,2
6344,1351,159,3
6345,1029,315,4
6346,1276,375,9
6347,1328,102,7
6348,1154,837,7
6349,1446,487,8
6350,1231,781,8
6351,1032,555,1
6352,1213,132,5
6355,1019,305,9
6357,1394,555,6
6358,1118,652,8
6362,1109,748,7
6363,1376,944,1
6364,1140,858,4
6366,1456,728,10
6369,1497,37,6
6370,1208,513,7
6377,1459,662,10
6383,1363,935,10
6384,1381,561,8
6387,1004,170,8
6389,1407,776,7
6391,1054,913,4
6392,1308,721,4
6393,1431,320,5
6395,1087,424,5
6396,1385,441,2
6397,1294,424,2
6399,1012,350,3
6400,1082,482,9
6401,1364,792,2
6403,1008,220,5
6405,1333,125,10
6406,1132,244,2
6407,1049,483,6
6408,1289,895,10
6409,1122,329,5
6410,1355,107,5
6412,1132,168,1
6413,1052,968,7
6414,1281,563,6
6415,1043,478,6
6416,1494,237,7
6417,1404,457,9
6420,1104,729,2
6422,1097,772,10
6424,1381,895,6
6425,1374,297,6
6427,1230,839,9
6430,1104,563,9
6432,1275,286,10
6434,1083,783,3
6438,1357,108,5
6442,1436,854,8
6443,1200,305,5
6447,1289,396,9
6449,1456,851,7
6450,1165,18,5
6451,1437,63,4
6453,1492,450,4
6454,1375,630,8
6456,1248,791,3
6457,1444,758,1
6458,1313,584,4
6459,1216,271,1
6461,1423,471,9
6462,1403,127,7
6463,1310,196,9
6465,1419,2,4
6467,1213,775,1
6468,1349,844,3
6470,1052,696,8
6473,1269,738,8
6474,1268,453,5
6477,1081,874,8
6480,1127,453,3
6482,1055,302,2
6483,1292,632,8
6485,1498,775,6
6488,1312,754,7
6489,1235,189,10
6493,1181,632,10
6501,1354,212,6
6502,1028,698,7
6503,1027,25,2
6505,1262,817,1
6506,1031,889,9
6509,1188,680,4
6512,1466,729,3
6514,1451,160,3
6515,1495,742,1
6516,1170,688,5
6518,1257,825,3
6520,1450,892,10
6521,1050,620,3
6522,1111,212,4
6524,1125,620,6
6526,1190,564,5
6527,1493,316,3
6529,1175,895,2
6530,1472,341,1
6531,1454,102,2
6532,1379,892,10
6533,1393,463,9
6540,1268,889,2
6541,1247,395,9
6545,1163,748,1
6546,1020,698,8
6549,1055,776,8
6550,1196,998,1
6551,1309,283,6
6555,1211,886,6
6556,1033,963,7
6557,1247,302,2
6558,1303,53,2
6559,1242,1000,8
6562,1087,313,6
6563,1322,627,4
6565,1035,617,7
6567,1216,453,3
6568,1009,583,8
6569,1197,540,3
6570,1248,308,2
6571,1373,94,2
6573,1160,567,9
6574,1495,929,2
6575,1473,822,6
6576,1371,843,7
6577,1277,406,5
6579,1402,138,9
6580,1446,444,5
6581,1075,721,7
6583,1385,818,2
6586,1470,575,2
6587,1097,404,4
6589,1107,667,10
6592,1060,257,3
6597,1446,454,9
6598,1483,799,4
6599,1333,457,1
6600,1101,874,4
6601,1428,365,1
6602,1295,915,7
6603,1372,669,8
6613,1465,788,4
6617,1330,421,3
6618,1203,426,4
6619,1209,249,3
6620,1064,647,5
6621,1300,792,1
6622,1408,418,7
6623,1090,788,6
6624,1136,22,3
6625,1246,883,7
6626,1463,5,2
6627,1181,785,5
6629,1384,181,4
6631,1020,50,7
6633,1154,391,3
6636,1161,56,8
6638,1022,636,10
6639,1379,86,7
6640,1081,666,4
6642,1100,292,3
6643,1383,406,6
6645,1299,967,5
6646,1055,246,10
6647,1173,645,1
6650,1430,141,10
6651,1086,567,3
6653,1352,704,6
6654,1253,749,7
6655,1376,847,6
6656,1227,987,9
6658,1362,91,10
6660,1386,557,7
6665,1365,452,1
6666,1469,723,8
6669,1469,675,8
6671,1370,745,5
6673,1089,857,9
6674,1314,791,6
6675,1339,835,7
6676,1375,958,3
6678,1218,105,2
6679,1414,290,1
6680,1406,526,10
6682,1066,333,8
6684,1373,407,5
6686,1139,847,10
6687,1245,854,1
6690,1447,990,9
6691,1030,809,8
6692,1437,564,10
6694,1409,320,7
6695,1465,960,3
6702,1172,189,3
6703,1203,687,8
6704,1016,591,1
6705,1058,268,6
6708,1223,298,2
6709,1012,829,1
6710,1451,599,9
6711,1131,590,10
6712,1352,242,5
6714,1273,283,1
6715,1147,268,8
6716,1191,912,10
6717,1113,128,5
6718,1375,755,9
6720,1033,66,7
6721,1296,159,8
6722,1043,714,7
6725,1201,552,5
6726,1486,43,9
6727,1393,202,5
6731,1486,335,2
6734,1004,373,6
6735,1238,847,8
6736,1233,396,7
6740,1288,733,3
6741,1377,694,3
6742,1446,155,3
6744,1143,350,10
6746,1202,897,4
6747,1256,137,9
6749,1060,809,8
6750,1050,450,5
6751,1421,269,4
6753,1240,915,6
6754,1287,371,7
6758,1285,696,9
6759,1321,18,4
6761,1487,124,5
6762,1172,321,3
6764,1034,792,1
6767,1306,604,10
6769,1003,528,2
6771,1149,37,4
6772,1217,392,9
6775,1029,972,6
6776,1005,39,2
6777,1097,583,8
6778,1098,835,10
6780,1424,881,2
6784,1104,809,7
6785,1079,945,10
6786,1104,693,9
6789,1160,86,8
6790,1059,413,1
6791,1268,211,4
6798,1302,407,9
6799,1042,536,8
6801,1176,528,4
6803,1430,801,10
6805,1381,417,9
6806,1097,916,8
6808,1380,694,3
6810,1253,96,1
6811,1186,994,9
6813,1219,692,10
6816,1234,264,5
6818,1425,859,7
6820,1306,252,6
6821,1425,202,1
6822,1317,330,10
6825,1364,687,9
6826,1275,216,5
6827,1224,627,10
6829,1086,818,10
6831,1147,289,4
6835,1265,677,2
6836,1010,87,3
6837,1118,704,1
6840,1004,330,10
6841,1259,675,5
6842,1332,686,9
6843,1178,878,2
6846,1098,947,1
6848,1385,975,5
6849,1463,22,2
6850,1069,302,9
6852,1378,154,4
6856,1334,181,2
6859,1490,155,8
6861,1151,564,8
6864,1173,564,7
6866,1382,969,2
6868,1498,542,5
6873,1344,837,6
6875,1236,101,1
6876,1206,662,7
6877,1458,471,1
6881,1152,898,3
6882,1138,959,6
6883,1117,1000,10
6885,1310,599,2
6888,1463,18,10
6889,1496,508,7
6890,1258,107,6
6891,1146,406,8
6893,1425,61,1
6896,1189,721,8
6898,1189,593,7
6899,1043,627,3
6901,1118,610,2
6902,1340,880,6
6905,1413,963,1
6906,1414,587,6
6908,1111,103,5
6911,1280,712,5
6913,1338,960,7
6914,1494,210,2
6915,1151,620,5
6916,1393,202,1
6917,1304,964,1
6918,1442,886,6
6919,1437,675,5
6920,1186,543,6
6921,1317,792,9
6922,1367,582,1
6924,1185,398,6
6925,1090,380,8
6927,1140,60,10
6928,1371,937,3
6929,1291,773,10
6930,1356,613,1
6931,1371,545,10
6933,1464,2,6
6934,1359,599,7
6935,1318,990,6
6936,1467,585,4
6937,1249,321,9
6938,1389,325,10
6941,1215,676,8
6942,1284,973,4
6944,1154,19,7
6945,1204,549,9
6947,1212,300,9
6950,1365,90,3
6951,1022,782,2
6956,1064,734,8
6957,1122,172,8
6960,1354,940,4
6961,1321,874,8
6962,1182,822,7
6963,1461,975,9
6965,1238,479,8
6967,1300,572,2
6968,1011,53,10
6969,1052,330,1
6970,1483,947,6
6971,1048,990,8
6972,1176,105,8
6973,1449,73,6
6974,1248,51,10
6975,1435,467,1
6976,1187,433,6
6977,1076,530,8
6978,1038,920,2
6979,1134,482,7
6980,1436,969,5
6982,1101,128,8
6983,1463,335,9
6985,1393,733,1
6988,1405,858,9
6989,1117,430,3
6990,1232,759,8
6992,1234,61,10
6993,1371,116,3
6994,1267,64,10
6997,1082,96,1
6998,1342,154,5
7000,1411,777,7
7001,1836,158,7
7002,1847,30,6
7005,1952,198,4
7009,1550,888,5
7010,1771,616,2
7014,1650,736,6
7015,1592,819,7
7018,1574,731,1
7019,1752,755,6
7020,1523,963,1
7022,1759,58,2
7023,1760,58,10
7024,1671,428,8
7027,1780,529,1
7028,1691,516,10
7029,1767,210,3
7031,1617,377,10
7033,1610,582,2
7037,1876,778,3
7039,1659,987,7
7043,1630,698,1
7044,1881,211,8
7049,1684,572,3
7050,1660,731,8
7051,1874,528,10
7052,1509,848,9
7054,1663,332,9
7056,1626,545,9
7057,1726,269,8
7058,1691,884,1
7065,1823,749,9
7067,1517,303,10
7068,1915,283,6
7069,1970,208,9
7070,1642,168,1
7071,1638,130,2
7072,1742,725,4
7073,1786,124,2
7076,1691,135,1
7078,1576,457,4
7082,1875,843,10
7084,1880,164,2
7086,1720,898,9
7088,1671,754,5
7091,1552,949,2
7092,1570,964,4
7096,2000,658,9
7098,1838,143,6
7099,1572,990,9
7100,1781,360,9
7103,1718,116,4
7106,1748,540,5
7107,1557,395,5
7108,1613,993,9
7109,1664,424,2
7113,1808,806,1
7114,1638,661,9
7115,1622,412,1
7118,1944,921,1
7122,1650,846,5
7124,1505,972,3
7127,1851,124,1
7130,1918,372,10
7133,1990,113,3
7134,1779,838,5
7137,1596,181,1
7138,1955,73,5
7141,1779,378,1
7143,1763,975,3
7153,1791,309,5
7154,1989,166,10
7155,1720,959,7
7156,1840,736,3
7157,1813,400,7
7160,1978,817,6
7161,1594,11,6
7162,1594,557,4
7165,1501,491,1
7167,1951,51,9
7168,1533,124,4
7173,1793,898,9
7174,1600,164,1
7176,1786,756,2
7177,1888,508,9
7178,1864,680,3
7180,1772,511,7
7183,1976,18,4
7184,1842,65,2
7185,1659,298,7
7188,1902,888,9
7190,1616,441,6
7191,1653,669,6
7192,1656,705,5
7194,1634,860,9
7196,1644,871,4
7197,1922,86,6
7198,1501,66,8
7199,1682,250,2
7201,1957,583,7
7204,1783,486,6
7205,1687,847,5
7208,1600,860,6
7209,1764,195,8
7210,1776,105,10
7211,1778,557,9
7216,1651,375,3
7217,1783,669,10
7218,1588,854,5
7219,1701,265,6
7220,1547,257,10
7222,1978,964,10
7224,1962,540,10
7225,1677,126,1
7226,1841,404,4
7227,1994,723,3
7230,1845,873,7
7231,1806,830,6
7232,1823,610,5
7235,1816,952,1
7236,1587,278,8
7238,1832,630,3
7239,1666,136,9
7240,1861,839,7
7241,1642,815,4
7242,1611,94,9
7243,1558,725,8
7246,1702,320,4
7247,1900,25,3
7249,1862,859,9
7250,1835,417,3
7251,1842,759,2
7253,1758,991,9
7254,1956,424,9
7255,1548,478,6
7256,1763,723,2
7261,1732,129,5
7262,1961,727,2
7264,1792,808,9
7268,1965,175,4
7269,1589,144,8
7273,1848,749,7
7275,1569,382,3
7278,1887,645,8
7280,1606,937,8
7281,1807,159,10
7287,1553,947,8
7288,1780,969,8
7289,1855,992,3
7290,1503,373,8
7291,1724,792,10
7293,1817,530,1
7294,1851,591,3
7296,1732,708,10
7299,1975,490,6
7302,1994,237,7
7303,1871,525,6
7305,1760,326,6
7306,1713,525,7
7310,1518,289,9
7312,1575,25,10
7314,1650,774,3
7315,1665,835,4
7316,1641,454,7
7317,1920,598,5
7318,1896,129,5
7320,1504,946,6
7324,1984,427,7
7328,1860,847,1
7333,1537,693,6
7334,1598,819,7
7337,1535,525,3
7338,1637,614,4
7340,1819,495,5
7343,1768,66,4
7345,1828,990,6
7346,1561,172,4
7352,1665,92,8
7356,1553,305,6
7359,1575,320,9
7361,1524,347,4
7362,1964,61,4
7363,1791,973,3
7364,1939,334,2
7366,1641,391,4
7367,1525,881,1
7369,1984,574,6
7372,1531,110,7
7375,1614,504,9
7376,1927,983,9
7377,1564,189,7
7378,1888,647,4
7380,1946,391,3
7385,1525,198,9
7387,1811,189,8
7394,1771,587,10
7395,1755,73,3
7396,1940,778,7
7400,1997,126,8
7401,1881,561,2
7402,1610,107,7
7403,1807,734,9
7407,1991,325,10
7408,1741,466,8
7411,1504,349,7
7412,1503,874,6
7413,1903,375,5
7419,1847,365,5
7420,1519,11,10
7422,1936,619,2
7423,1619,274,8
7424,1986,809,1
7425,1949,188,4
7432,1599,658,7
7433,1877,686,10
7434,1786,435,7
7435,1669,330,10
7438,1612,249,4
7439,1567,705,6
7441,1826,61,1
7442,1951,979,2
7444,1796,772,4
7447,1706,637,7
7450,1772,509,2
7451,1631,626,5
7452,1902,283,3
7454,1895,609,5
7456,1815,240,8
7460,1724,128,10
7461,1770,871,3
7462,1821,995,8
7463,1712,212,6
7465,1916,499,10
7467,1855,350,9
7469,1936,407,4
7470,1733,495,2
7476,1544,189,8
7477,1610,839,8
7479,1515,503,10
7480,1616,332,5
7485,1647,290,2
7486,1740,392,5
7487,1947,266,9
7488,1934,491,6
7489,1839,912,6
7491,1820,567,7
7492,1893,877,10
7493,1980,630,8
7494,1766,406,8
7498,1783,676,3
7499,1821,916,8
7500,1922,508,9
7502,1749,774,7
7503,1598,302,2
7504,1810,575,8
7506,1520,347,4
7507,1880,561,10
7508,1518,391,10
7509,1956,111,5
7510,1932,755,3
7511,1859,573,3
7513,1793,733,10
7514,1852,945,7
7517,1576,130,8
7518,1664,962,9
7520,1502,958,6
7521,1916,42,4
7522,1609,585,1
7523,1838,195,5
7524,1577,125,5
7525,1800,181,10
7526,1984,361,4
7528,1726,303,10
7533,1562,792,9
7534,1580,326,10
7535,1772,854,2
7536,1824,354,2
7539,1641,516,4
7543,1582,197,6
7544,1738,852,7
7547,1539,622,3
7548,1630,236,7
7549,1946,768,8
7550,1822,502,5
7551,1878,341,8
7553,1936,636,4
7554,1733,244,10
7557,1798,252,8
7559,1883,382,4
7560,1705,403,5
7561,1669,756,4
7562,1536,688,9
7564,1605,210,9
7567,1553,257,10
7568,1639,620,10
7569,1593,125,4
7573,1568,19,6
7574,1546,759,1
7575,1997,329,3
7576,1645,102,1
7578,1713,599,2
7579,1785,159,1
7581,1782,936,7
7585,1613,471,9
7586,1918,705,3
7587,1575,240,2
7588,1585,333,2
7589,1510,433,10
7591,1690,704,4
7593,1618,482,8
7596,1765,135,8
7598,1669,407,9
7599,1798,672,10
7603,1984,442,3
7606,1914,742,10
7609,1898,243,3
7614,1841,232,10
7617,1777,873,7
7618,1540,809,10
7620,1710,836,3
7621,1574,884,4
7622,1533,60,5
7624,1536,666,9
7625,1844,962,7
7626,1605,892,3
7627,1787,341,6
7628,1500,277,2
7629,1648,695,7
7630,1600,375,1
7631,1936,193,2
7632,1702,611,3
7633,1540,776,5
7635,1637,543,7
7636,1530,283,4
7639,1969,930,2
7640,1985,941,8
7641,1815,96,5
7643,1675,915,10
7644,1780,571,7
7646,1567,626,6
7647,1559,198,6
7649,1612,881,6
7652,1713,830,6
7653,1982,908,8
7654,1854,242,4
7656,1688,102,10
7658,1595,644,3
7659,1564,246,6
7660,1614,777,7
7662,1781,387,6
7663,1817,371,6
7666,1865,198,2
7668,1845,504,10
7673,1980,3,10
7675,1568,292,6
7676,1865,630,3
7677,1752,2,2
7680,1883,511,6
7684,1847,141,3
7689,1717,650,9
7690,1844,777,5
7691,1988,878,9
7692,1520,386,10
7694,1778,330,4
7696,1783,756,2
7697,1739,463,5
7699,1986,199,2
7701,1796,58,3
7702,1908,983,9
7703,1630,819,7
7705,1623,347,5
7707,1528,734,6
7708,1948,555,5
7710,1869,143,9
7711,1704,208,8
7715,1720,154,7
7716,1893,510,7
7719,1710,987,10
7720,1697,313,9
7724,1793,24,9
7726,1597,919,5
7732,1643,946,1
7734,1984,308,5
7736,1720,725,7
7738,1998,960,3
7739,1722,543,1
7743,1857,361,5
7744,1802,661,1
7746,1703,211,9
7751,1942,795,6
7753,1939,102,6
7755,1775,583,4
7758,1760,775,10
7761,1544,252,8
7762,1834,969,5
7764,1869,599,5
7765,1547,211,9
7767,1642,975,10
7769,1944,313,7
7771,1899,164,9
7773,1584,529,2
7775,1650,557,8
7776,1929,843,9
7777,1712,725,4
7778,1890,734,6
7780,1524,688,5
7781,1784,589,4
7782,1921,466,6
7783,1605,704,4
7787,1784,571,3
7790,1836,11,5
7791,1971,172,4
7793,1586,373,8
7794,1721,949,5
7795,1823,453,3
7796,1866,109,6
7797,1541,208,1
7798,1549,355,1
7799,1501,471,3
7801,1581,914,3
7802,1875,42,4
7807,1972,749,6
7809,1517,387,8
7811,1654,487,3
7812,1929,949,9
7813,1810,509,7
7814,1766,972,3
7816,1948,59,7
7817,1679,448,4
7818,1741,791,8
7820,1627,188,10
7821,1866,883,5
7822,1646,871,4
7825,1966,988,9
7827,1711,113,5
7830,1719,355,10
7831,1992,619,1
7832,1573,392,10
7833,1887,332,8
7836,1905,329,4
7838,1501,829,9
7841,1705,463,4
7842,1939,675,3
7844,1842,59,3
7845,1650,266,8
7846,1923,620,6
7848,1635,391,10
7849,1592,561,8
7851,1971,549,7
7852,1585,271,4
7854,1837,487,2
7857,1911,988,7
7858,1706,372,7
7861,1543,778,7
7862,1692,718,4
7865,1763,869,9
7866,1578,579,4
7868,1737,945,5
7869,1923,125,5
7870,1681,444,5
7871,1824,388,2
7873,1973,247,5
7875,1534,721,3
7881,1884,874,3
7882,1913,637,10
7883,1910,110,7
7885,1543,518,8
7886,1603,376,3
7887,1599,677,6
7891,1637,843,7
7892,1605,652,9
7893,1869,94,10
7894,1750,471,9
7896,1732,730,4
7898,1646,967,1
7903,1898,987,7
7908,1968,418,8
7911,1658,945,3
7913,1931,929,1
7917,1584,552,7
7919,1980,794,1
7920,1710,666,2
7922,1999,604,10
7925,1622,712,5
7928,1676,37,4
7930,1944,914,8
7932,1867,376,1
7933,1512,85,4
7934,1538,688,7
7938,1948,193,4
7939,1796,593,10
7941,1688,849,1
7942,1872,203,3
7943,1984,937,10
7946,1692,65,6
7947,1613,934,10
7950,1558,529,3
7951,1950,508,7
7952,1784,759,10
7954,1839,421,6
7955,1833,193,5
7957,1809,66,5
7959,1557,197,10
7960,1697,269,10
7961,1563,215,5
7962,1684,363,2
7967,1612,776,9
7970,1535,433,5
7975,1660,564,1
7976,1707,78,7
7983,1510,748,10
7985,1999,892,10
7986,1629,721,5
7987,1756,930,8
7988,1835,444,1
7990,1985,761,5
7993,1981,693,10
7996,1537,729,10
7998,1874,178,3
8001,2001,290,1
8002,2001,300,1
8003,2001,979,3
8004,2001,988,1
8005,2002,131,1
8007,2002,193,1
8008,2002,202,1
8009,2002,220,1
8011,2002,303,1
8012,2002,371,1
